{
  "baseline": {
    "accuracy": 0.2,
    "precision_macro": 0.028571428571428574,
    "recall_macro": 0.14285714285714285,
    "f1_macro": 0.047619047619047616,
    "f1_weighted": 0.06666666666666667,
    "per_class": {
      "intern_level": {
        "precision": 0.0,
        "recall": 0.0,
        "f1": 0.0
      },
      "junior_level": {
        "precision": 0.0,
        "recall": 0.0,
        "f1": 0.0
      },
      "mid_level": {
        "precision": 0.2,
        "recall": 1.0,
        "f1": 0.3333333333333333
      },
      "senior_level": {
        "precision": 0.0,
        "recall": 0.0,
        "f1": 0.0
      },
      "lead_architect": {
        "precision": 0.0,
        "recall": 0.0,
        "f1": 0.0
      },
      "template_boilerplate": {
        "precision": 0.0,
        "recall": 0.0,
        "f1": 0.0
      },
      "low_value": {
        "precision": 0.0,
        "recall": 0.0,
        "f1": 0.0
      }
    },
    "model_used": "Majority Class Baseline",
    "total_samples": 75
  },
  "model": {
    "accuracy": 0.6,
    "precision_macro": 0.3556318681318681,
    "recall_macro": 0.4707792207792208,
    "f1_macro": 0.39373477247124783,
    "f1_weighted": 0.49183018521914545,
    "per_class": {
      "intern_level": {
        "precision": 0.5625,
        "recall": 0.75,
        "f1": 0.6428571428571429
      },
      "junior_level": {
        "precision": 0.5769230769230769,
        "recall": 1.0,
        "f1": 0.7317073170731707
      },
      "mid_level": {
        "precision": 0.6,
        "recall": 1.0,
        "f1": 0.75
      },
      "senior_level": {
        "precision": 0.75,
        "recall": 0.5454545454545454,
        "f1": 0.631578947368421
      },
      "lead_architect": {
        "precision": 0.0,
        "recall": 0.0,
        "f1": 0.0
      },
      "template_boilerplate": {
        "precision": 0.0,
        "recall": 0.0,
        "f1": 0.0
      },
      "low_value": {
        "precision": 0.0,
        "recall": 0.0,
        "f1": 0.0
      }
    },
    "model_used": "DistilBERT"
  }
}